"Reference","Value","PART-NUMBER","Footprint","Qty"
"C1","8.2pF","CC0603CRNPO9BN8R2","Capacitor_SMD:C_0603_1608Metric_Pad1.08x0.95mm_HandSolder","1"
"C2,C3","10uF","C3225X7R1H106M250AC","Capacitor_SMD:C_1210_3225Metric_Pad1.33x2.70mm_HandSolder","2"
"C4,C5,C7,C8,C9","47uF","GRM32ER61C476KE15L","Capacitor_SMD:C_1210_3225Metric_Pad1.33x2.70mm_HandSolder","5"
"C6","1uF","GRM188R60J105KA01D","Capacitor_SMD:C_0603_1608Metric_Pad1.08x0.95mm_HandSolder","1"
"C10","1uF","TMK212BJ105KG-T","Capacitor_SMD:C_0805_2012Metric_Pad1.18x1.45mm_HandSolder","1"
"C11","2.2uF","GRM21BR71A225KA01L","Capacitor_SMD:C_0805_2012Metric_Pad1.18x1.45mm_HandSolder","1"
"C12","3300pF","CC0603KRX7R8BB332","Capacitor_SMD:C_0603_1608Metric_Pad1.08x0.95mm_HandSolder","1"
"C13,C20,C21","0.1uF","C0603C104M3VACTU","Capacitor_SMD:C_0603_1608Metric_Pad1.08x0.95mm_HandSolder","3"
"C14","330pF","CC0603KRX7R9BB331","Capacitor_SMD:C_0603_1608Metric_Pad1.08x0.95mm_HandSolder","1"
"C15","1200pF","C2012C0G1H122J060AA","Capacitor_SMD:C_0805_2012Metric_Pad1.18x1.45mm_HandSolder","1"
"C16","47uF","10TPE47MAZB","Spiderbot:PCAP_TPE_B2_PAN_1411","1"
"C17","270pF","CL10C271JB81PNC","Capacitor_SMD:C_0603_1608Metric_Pad1.08x0.95mm_HandSolder","1"
"C18,C19","10uF","1276-1192-1-ND","Capacitor_SMD:C_0603_1608Metric_Pad1.08x0.95mm_HandSolder","2"
"D1","LED Blue","1497-XZCFBB53W-8VFCT-ND","LED_SMD:LED_0603_1608Metric_Pad1.05x0.95mm_HandSolder","1"
"D2,D3","LED Green","1497-XZCDGK53W-8VFCT-ND","LED_SMD:LED_0603_1608Metric_Pad1.05x0.95mm_HandSolder","2"
"D4","LED Red","1497-XZCM2CRK53WA-8VFCT-ND","LED_SMD:LED_0603_1608Metric_Pad1.05x0.95mm_HandSolder","1"
"J1","Ras Pi 4 Interface","1568-PRT-16764-ND","Connector_PinSocket_2.54mm:PinSocket_2x20_P2.54mm_Vertical","1"
"J2,JP1,JP2,JP3,JP4,JP5,JP6,JP7,JP8,JP9,JP10,JP11,JP12,TP1,TP2","-- mixed values --","","-- mixed values --","15"
"J3,J5,J28","-- mixed values --","M20-9990245","Connector_PinSocket_2.54mm:PinSocket_1x02_P2.54mm_Vertical","3"
"J4","Terminal Block","691214110002","TerminalBlock_MetzConnect:TerminalBlock_MetzConnect_Type011_RT05502HBWC_1x02_P5.00mm_Horizontal","1"
"J6,J7,J8,J9,J10,J11,J12,J13,J14,J15,J16,J17,J18,J19,J20,J21,J22,J23,J24,J25,J26,J27","Conn_01x03","M20-9990345","Connector_PinSocket_2.54mm:PinSocket_1x03_P2.54mm_Vertical","22"
"L1","240nH","IHLP4040DZERR24M11","Spiderbot:IND_IHLP-4040DZ_VIS","1"
"Q1,Q2","CSD17304Q3","CSD17304Q3","Spiderbot:8VSON","2"
"Q3","CSD13202Q2","CSD13202Q2","Spiderbot:Q2_SON6_TEX","1"
"Q4,Q5,Q6","BSS138","BSS138CT-ND","Spiderbot:SOT-23_3L_ONS","3"
"R1,R2,R4,R5,R6,R7,R8,R9,R14,R19,R26,R27,R29,R34,R36,R37,R38,R39,R40,R41,R42,R43,R44,R45,R46,R47,R48,R49,R50,R51,R52","10k","CPF0603F10KC1","Resistor_SMD:R_0603_1608Metric_Pad0.98x0.95mm_HandSolder","31"
"R3","1.2k","P1.2KDBCT-ND","Resistor_SMD:R_0603_1608Metric_Pad0.98x0.95mm_HandSolder","1"
"R10,R15,R17","100k","CPF0603F100KC1","Resistor_SMD:R_0603_1608Metric_Pad0.98x0.95mm_HandSolder","3"
"R11","42.2k","CRCW060342K2FKEA","Resistor_SMD:R_0603_1608Metric_Pad0.98x0.95mm_HandSolder","1"
"R12","84.5k","CRCW040284K5FKED","Resistor_SMD:R_0402_1005Metric_Pad0.72x0.64mm_HandSolder","1"
"R13","11.8k","CPF0603F11K8C1","Resistor_SMD:R_0603_1608Metric_Pad0.98x0.95mm_HandSolder","1"
"R16,R23,R25","1.6k","541-5237-1-ND","Resistor_SMD:R_0603_1608Metric_Pad0.98x0.95mm_HandSolder","3"
"R18","2.1k","RMCF0603FT2K10","Resistor_SMD:R_0603_1608Metric_Pad0.98x0.95mm_HandSolder","1"
"R20","17.4k","CRCW040217K4FKED","Resistor_SMD:R_0402_1005Metric_Pad0.72x0.64mm_HandSolder","1"
"R21","1.1k","CPF0603F1K1C1","Resistor_SMD:R_0603_1608Metric_Pad0.98x0.95mm_HandSolder","1"
"R22","3.2k","TNPW08053K20BEEA","Capacitor_SMD:C_0805_2012Metric_Pad1.18x1.45mm_HandSolder","1"
"R24","51k","RC0603FR-0751KL","Resistor_SMD:R_0603_1608Metric_Pad0.98x0.95mm_HandSolder","1"
"R28","750k","RMCF0603FT750K","Resistor_SMD:R_0603_1608Metric_Pad0.98x0.95mm_HandSolder","1"
"R30","82k","RC0603JR-0782KL","Resistor_SMD:R_0603_1608Metric_Pad0.98x0.95mm_HandSolder","1"
"R31","1k","RC0603FR-071KL","Resistor_SMD:R_0603_1608Metric_Pad0.98x0.95mm_HandSolder","1"
"R32","27k","RMCF0603FT27K4","Resistor_SMD:R_0603_1608Metric_Pad0.98x0.95mm_HandSolder","1"
"R33","30k","ERA-3AEB303V","Resistor_SMD:R_0603_1608Metric_Pad0.98x0.95mm_HandSolder","1"
"R35","2k","ERA-3AEB202V","Resistor_SMD:R_0603_1608Metric_Pad0.98x0.95mm_HandSolder","1"
"U1","TLVM13640RDLR","TLVM13640RDLR","Spiderbot:B3QFN20_RDL_TEX","1"
"U2","TPS40305DRCR","TPS40305DRCR","Package_SON:VSON-10-1EP_3x3mm_P0.5mm_EP1.2x2mm_ThermalVias","1"
"U3","LM393","296-1015-1-ND","Package_SO:SOIC-8-1EP_3.9x4.9mm_P1.27mm_EP2.29x3mm","1"
"U4,U5","PCA9685PW","568-8366-5-ND","Spiderbot:SOT361-1_NXP","2"
"U6","LSM6DSO32TR","497-LSM6DSO32CT-ND","Spiderbot:LGA-14L_2P5X3X0P83_STM","1"
